pitch,duration,melody_id# Markov training data







































































60,960,1064,480,1067,480,1065,480,1069,480,1072,480,1064,960,965,480,967,480,960,240,964,480,962,240,960,480,965,960,867,240,869,240,871,240,872,240,872,960,871,240,869,240,867,240,865,240,860,960,764,480,767,480,772,480,767,480,764,480,760,480,764,960,665,480,667,480,669,480,671,240,672,240,660,960,562,480,562,480,564,480,564,480,565,480,565,480,567,960,469,480,469,480,467,480,467,480,460,480,460,480,460,960,362,480,364,480,365,480,367,480,362,960,260,240,264,240,267,480,264,240,260,240,260,960,162,480,164,480,165,480,167,960,165,480,164,480,162,480,160,480,1# Add your musical data here
